<metadata xml:lang="en"><Esri><CreaDate>20200711</CreaDate><CreaTime>18054900</CreaTime><ArcGISFormat>1.0</ArcGISFormat><SyncOnce>FALSE</SyncOnce><DataProperties><lineage><Process ToolSource="c:\program files\arcgis\pro\Resources\ArcToolbox\toolboxes\Conversion Tools.tbx\FeatureClassToFeatureClass" Date="20200711" Time="180334">FeatureClassToFeatureClass cb_2018_us_state_500k C:\Users\Hugh\Documents\ArcGIS\Projects\MyProject72\MyProject72.gdb Opiod2018 # "STATEFP "STATEFP" true true false 2 Text 0 0,First,#,cb_2018_us_state_500k,cb_2018_us_state_500k.STATEFP,0,2;STATENS "STATENS" true true false 8 Text 0 0,First,#,cb_2018_us_state_500k,cb_2018_us_state_500k.STATENS,0,8;AFFGEOID "AFFGEOID" true true false 11 Text 0 0,First,#,cb_2018_us_state_500k,cb_2018_us_state_500k.AFFGEOID,0,11;GEOID "GEOID" true true false 2 Text 0 0,First,#,cb_2018_us_state_500k,cb_2018_us_state_500k.GEOID,0,2;STUSPS "STUSPS" true true false 2 Text 0 0,First,#,cb_2018_us_state_500k,cb_2018_us_state_500k.STUSPS,0,2;NAME "NAME" true true false 100 Text 0 0,First,#,cb_2018_us_state_500k,cb_2018_us_state_500k.NAME,0,100;LSAD "LSAD" true true false 2 Text 0 0,First,#,cb_2018_us_state_500k,cb_2018_us_state_500k.LSAD,0,2;ALAND "ALAND" true true false 14 Double 0 14,First,#,cb_2018_us_state_500k,cb_2018_us_state_500k.ALAND,-1,-1;AWATER "AWATER" true true false 14 Double 0 14,First,#,cb_2018_us_state_500k,cb_2018_us_state_500k.AWATER,-1,-1;Location "Location" true true false 8000 Text 0 0,First,#,cb_2018_us_state_500k,Opiod_DeathRates2018.csv.Location,0,8000;Range "Range" true true false 8000 Text 0 0,First,#,cb_2018_us_state_500k,Opiod_DeathRates2018.csv.Range,0,8000;Age_adjusted_Rate "Age_adjusted_Rate" true true false 8 Double 0 0,First,#,cb_2018_us_state_500k,Opiod_DeathRates2018.csv.Age_adjusted_Rate,-1,-1;of_Deaths "of_Deaths" true true false 4 Long 0 0,First,#,cb_2018_us_state_500k,No.of_Deaths,-1,-1" #</Process><Process ToolSource="c:\program files\arcgis\pro\Resources\ArcToolbox\toolboxes\Data Management Tools.tbx\Project" Date="20200711" Time="180553">Project Opiod2018 C:\Users\Hugh\Documents\ArcGIS\Projects\MyProject72\MyProject72.gdb\Opiod2018_Project PROJCS['USA_Contiguous_Albers_Equal_Area_Conic',GEOGCS['GCS_North_American_1983',DATUM['D_North_American_1983',SPHEROID['GRS_1980',6378137.0,298.257222101]],PRIMEM['Greenwich',0.0],UNIT['Degree',0.0174532925199433]],PROJECTION['Albers'],PARAMETER['False_Easting',0.0],PARAMETER['False_Northing',0.0],PARAMETER['Central_Meridian',-96.0],PARAMETER['Standard_Parallel_1',29.5],PARAMETER['Standard_Parallel_2',45.5],PARAMETER['Latitude_Of_Origin',37.5],UNIT['Meter',1.0]] # GEOGCS['GCS_North_American_1983',DATUM['D_North_American_1983',SPHEROID['GRS_1980',6378137.0,298.257222101]],PRIMEM['Greenwich',0.0],UNIT['Degree',0.0174532925199433]] NO_PRESERVE_SHAPE # NO_VERTICAL</Process><Process ToolSource="c:\program files\arcgis\pro\Resources\ArcToolbox\toolboxes\Conversion Tools.tbx\TableToTable" Date="20200711" Time="181201">TableToTable Opiod2018_Project C:\Users\Hugh\Desktop\Opiod_2018 Opiod_2018.dbf # "STATEFP "STATEFP" true true false 2 Text 0 0,First,#,C:\Users\Hugh\Documents\ArcGIS\Projects\MyProject72\MyProject72.gdb\Opiod2018_Project,STATEFP,0,2;STATENS "STATENS" true true false 8 Text 0 0,First,#,C:\Users\Hugh\Documents\ArcGIS\Projects\MyProject72\MyProject72.gdb\Opiod2018_Project,STATENS,0,8;AFFGEOID "AFFGEOID" true true false 11 Text 0 0,First,#,C:\Users\Hugh\Documents\ArcGIS\Projects\MyProject72\MyProject72.gdb\Opiod2018_Project,AFFGEOID,0,11;GEOID "GEOID" true true false 2 Text 0 0,First,#,C:\Users\Hugh\Documents\ArcGIS\Projects\MyProject72\MyProject72.gdb\Opiod2018_Project,GEOID,0,2;STUSPS "STUSPS" true true false 2 Text 0 0,First,#,C:\Users\Hugh\Documents\ArcGIS\Projects\MyProject72\MyProject72.gdb\Opiod2018_Project,STUSPS,0,2;NAME "NAME" true true false 100 Text 0 0,First,#,C:\Users\Hugh\Documents\ArcGIS\Projects\MyProject72\MyProject72.gdb\Opiod2018_Project,NAME,0,100;LSAD "LSAD" true true false 2 Text 0 0,First,#,C:\Users\Hugh\Documents\ArcGIS\Projects\MyProject72\MyProject72.gdb\Opiod2018_Project,LSAD,0,2;ALAND "ALAND" true true false 8 Double 0 0,First,#,C:\Users\Hugh\Documents\ArcGIS\Projects\MyProject72\MyProject72.gdb\Opiod2018_Project,ALAND,-1,-1;AWATER "AWATER" true true false 8 Double 0 0,First,#,C:\Users\Hugh\Documents\ArcGIS\Projects\MyProject72\MyProject72.gdb\Opiod2018_Project,AWATER,-1,-1;Location "Location" true true false 8000 Text 0 0,First,#,C:\Users\Hugh\Documents\ArcGIS\Projects\MyProject72\MyProject72.gdb\Opiod2018_Project,Location,0,8000;Range "Range" true true false 8000 Text 0 0,First,#,C:\Users\Hugh\Documents\ArcGIS\Projects\MyProject72\MyProject72.gdb\Opiod2018_Project,Range,0,8000;Age_adjust "Age_adjusted_Rate" true true false 8 Double 0 0,First,#,C:\Users\Hugh\Documents\ArcGIS\Projects\MyProject72\MyProject72.gdb\Opiod2018_Project,Age_adjusted_Rate,-1,-1;of_Deaths "of_Deaths" true true false 4 Long 0 0,First,#,C:\Users\Hugh\Documents\ArcGIS\Projects\MyProject72\MyProject72.gdb\Opiod2018_Project,of_Deaths,-1,-1;Shape_Leng "Shape_Length" false true true 8 Double 0 0,First,#,C:\Users\Hugh\Documents\ArcGIS\Projects\MyProject72\MyProject72.gdb\Opiod2018_Project,Shape_Length,-1,-1;Shape_Area "Shape_Area" false true true 8 Double 0 0,First,#,C:\Users\Hugh\Documents\ArcGIS\Projects\MyProject72\MyProject72.gdb\Opiod2018_Project,Shape_Area,-1,-1" #</Process></lineage><itemProps><itemLocation><linkage Sync="TRUE">file://\\HUGHSPC\Users\Hugh\Desktop\Opiod_2018\Opiod_2018.dbf</linkage><protocol Sync="TRUE">Local Area Network</protocol></itemLocation><itemName Sync="TRUE">Opiod_2018</itemName><imsContentType Sync="TRUE">002</imsContentType><itemSize Sync="TRUE">0.000</itemSize></itemProps></DataProperties><SyncDate>20200711</SyncDate><SyncTime>18120100</SyncTime><ModDate>20200711</ModDate><ModTime>18120100</ModTime></Esri><dataIdInfo><envirDesc Sync="TRUE">Microsoft Windows 10 Version 10.0 (Build 18363) ; Esri ArcGIS 12.4.0.19948</envirDesc><dataLang><languageCode value="eng" Sync="TRUE"></languageCode><countryCode value="USA" Sync="TRUE"></countryCode></dataLang><idCitation><resTitle Sync="TRUE">Opiod_2018</resTitle><presForm><PresFormCd value="011" Sync="TRUE"></PresFormCd></presForm></idCitation><spatRpType><SpatRepTypCd value="003" Sync="TRUE"></SpatRepTypCd></spatRpType></dataIdInfo><mdLang><languageCode value="eng" Sync="TRUE"></languageCode><countryCode value="USA" Sync="TRUE"></countryCode></mdLang><distInfo><distFormat><formatName Sync="TRUE">dBASE Table</formatName></distFormat><distTranOps><transSize Sync="TRUE">0.000</transSize></distTranOps></distInfo><mdHrLv><ScopeCd value="007" Sync="TRUE"></ScopeCd></mdHrLv><mdHrLvName Sync="TRUE">dataset</mdHrLvName><eainfo><detailed Name="Opiod_2018"><enttyp><enttypl Sync="TRUE">Opiod_2018</enttypl><enttypt Sync="TRUE">Table</enttypt><enttypc Sync="TRUE">0</enttypc></enttyp><attr><attrlabl Sync="TRUE">OID</attrlabl><attalias Sync="TRUE">OID</attalias><attrtype Sync="TRUE">OID</attrtype><attwidth Sync="TRUE">4</attwidth><atprecis Sync="TRUE">0</atprecis><attscale Sync="TRUE">0</attscale><attrdef Sync="TRUE">Internal feature number.</attrdef><attrdefs Sync="TRUE">Esri</attrdefs><attrdomv><udom Sync="TRUE">Sequential unique whole numbers that are automatically generated.</udom></attrdomv></attr><attr><attrlabl Sync="TRUE">STATEFP</attrlabl><attalias Sync="TRUE">STATEFP</attalias><attrtype Sync="TRUE">String</attrtype><attwidth Sync="TRUE">2</attwidth><atprecis Sync="TRUE">0</atprecis><attscale Sync="TRUE">0</attscale></attr><attr><attrlabl Sync="TRUE">STATENS</attrlabl><attalias Sync="TRUE">STATENS</attalias><attrtype Sync="TRUE">String</attrtype><attwidth Sync="TRUE">8</attwidth><atprecis Sync="TRUE">0</atprecis><attscale Sync="TRUE">0</attscale></attr><attr><attrlabl Sync="TRUE">AFFGEOID</attrlabl><attalias Sync="TRUE">AFFGEOID</attalias><attrtype Sync="TRUE">String</attrtype><attwidth Sync="TRUE">11</attwidth><atprecis Sync="TRUE">0</atprecis><attscale Sync="TRUE">0</attscale></attr><attr><attrlabl Sync="TRUE">GEOID</attrlabl><attalias Sync="TRUE">GEOID</attalias><attrtype Sync="TRUE">String</attrtype><attwidth Sync="TRUE">2</attwidth><atprecis Sync="TRUE">0</atprecis><attscale Sync="TRUE">0</attscale></attr><attr><attrlabl Sync="TRUE">STUSPS</attrlabl><attalias Sync="TRUE">STUSPS</attalias><attrtype Sync="TRUE">String</attrtype><attwidth Sync="TRUE">2</attwidth><atprecis Sync="TRUE">0</atprecis><attscale Sync="TRUE">0</attscale></attr><attr><attrlabl Sync="TRUE">NAME</attrlabl><attalias Sync="TRUE">NAME</attalias><attrtype Sync="TRUE">String</attrtype><attwidth Sync="TRUE">100</attwidth><atprecis Sync="TRUE">0</atprecis><attscale Sync="TRUE">0</attscale></attr><attr><attrlabl Sync="TRUE">LSAD</attrlabl><attalias Sync="TRUE">LSAD</attalias><attrtype Sync="TRUE">String</attrtype><attwidth Sync="TRUE">2</attwidth><atprecis Sync="TRUE">0</atprecis><attscale Sync="TRUE">0</attscale></attr><attr><attrlabl Sync="TRUE">ALAND</attrlabl><attalias Sync="TRUE">ALAND</attalias><attrtype Sync="TRUE">Double</attrtype><attwidth Sync="TRUE">19</attwidth><atprecis Sync="TRUE">0</atprecis><attscale Sync="TRUE">0</attscale></attr><attr><attrlabl Sync="TRUE">AWATER</attrlabl><attalias Sync="TRUE">AWATER</attalias><attrtype Sync="TRUE">Double</attrtype><attwidth Sync="TRUE">19</attwidth><atprecis Sync="TRUE">0</atprecis><attscale Sync="TRUE">0</attscale></attr><attr><attrlabl Sync="TRUE">Location</attrlabl><attalias Sync="TRUE">Location</attalias><attrtype Sync="TRUE">String</attrtype><attwidth Sync="TRUE">254</attwidth><atprecis Sync="TRUE">0</atprecis><attscale Sync="TRUE">0</attscale></attr><attr><attrlabl Sync="TRUE">Range</attrlabl><attalias Sync="TRUE">Range</attalias><attrtype Sync="TRUE">String</attrtype><attwidth Sync="TRUE">254</attwidth><atprecis Sync="TRUE">0</atprecis><attscale Sync="TRUE">0</attscale></attr><attr><attrlabl Sync="TRUE">Age_adjust</attrlabl><attalias Sync="TRUE">Age_adjust</attalias><attrtype Sync="TRUE">Double</attrtype><attwidth Sync="TRUE">19</attwidth><atprecis Sync="TRUE">0</atprecis><attscale Sync="TRUE">0</attscale></attr><attr><attrlabl Sync="TRUE">of_Deaths</attrlabl><attalias Sync="TRUE">of_Deaths</attalias><attrtype Sync="TRUE">Integer</attrtype><attwidth Sync="TRUE">10</attwidth><atprecis Sync="TRUE">10</atprecis><attscale Sync="TRUE">0</attscale></attr><attr><attrlabl Sync="TRUE">Shape_Leng</attrlabl><attalias Sync="TRUE">Shape_Leng</attalias><attrtype Sync="TRUE">Double</attrtype><attwidth Sync="TRUE">19</attwidth><atprecis Sync="TRUE">0</atprecis><attscale Sync="TRUE">0</attscale></attr><attr><attrlabl Sync="TRUE">Shape_Area</attrlabl><attalias Sync="TRUE">Shape_Area</attalias><attrtype Sync="TRUE">Double</attrtype><attwidth Sync="TRUE">19</attwidth><atprecis Sync="TRUE">0</atprecis><attscale Sync="TRUE">0</attscale><attrdef Sync="TRUE">Area of feature in internal units squared.</attrdef><attrdefs Sync="TRUE">Esri</attrdefs><attrdomv><udom Sync="TRUE">Positive real numbers that are automatically generated.</udom></attrdomv></attr></detailed></eainfo><mdDateSt Sync="TRUE">20200711</mdDateSt></metadata>
