<?xml version="1.0" encoding="UTF-8"?>
<metadata xml:lang="en"><Esri><CreaDate>20220110</CreaDate><CreaTime>04035600</CreaTime><ArcGISFormat>1.0</ArcGISFormat><SyncOnce>FALSE</SyncOnce><DataProperties><itemProps><itemName Sync="TRUE">USCounties_cases</itemName><imsContentType Sync="TRUE">002</imsContentType><itemSize Sync="TRUE">0.000</itemSize><itemLocation><linkage Sync="TRUE">file://\\HUGHSPC\Users\Hugh\Desktop\JAM_adm\USCounties_cases.shp</linkage><protocol Sync="TRUE">Local Area Network</protocol></itemLocation></itemProps><coordRef><type Sync="TRUE">Projected</type><geogcsn Sync="TRUE">GCS_WGS_1984</geogcsn><csUnits Sync="TRUE">Linear Unit: Meter (1.000000)</csUnits><projcsn Sync="TRUE">WGS_1984_Web_Mercator_Auxiliary_Sphere</projcsn><peXml Sync="TRUE">&lt;ProjectedCoordinateSystem xsi:type='typens:ProjectedCoordinateSystem' xmlns:xsi='http://www.w3.org/2001/XMLSchema-instance' xmlns:xs='http://www.w3.org/2001/XMLSchema' xmlns:typens='http://www.esri.com/schemas/ArcGIS/2.6.0'&gt;&lt;WKT&gt;PROJCS[&amp;quot;WGS_1984_Web_Mercator_Auxiliary_Sphere&amp;quot;,GEOGCS[&amp;quot;GCS_WGS_1984&amp;quot;,DATUM[&amp;quot;D_WGS_1984&amp;quot;,SPHEROID[&amp;quot;WGS_1984&amp;quot;,6378137.0,298.257223563]],PRIMEM[&amp;quot;Greenwich&amp;quot;,0.0],UNIT[&amp;quot;Degree&amp;quot;,0.0174532925199433]],PROJECTION[&amp;quot;Mercator_Auxiliary_Sphere&amp;quot;],PARAMETER[&amp;quot;False_Easting&amp;quot;,0.0],PARAMETER[&amp;quot;False_Northing&amp;quot;,0.0],PARAMETER[&amp;quot;Central_Meridian&amp;quot;,0.0],PARAMETER[&amp;quot;Standard_Parallel_1&amp;quot;,0.0],PARAMETER[&amp;quot;Auxiliary_Sphere_Type&amp;quot;,0.0],UNIT[&amp;quot;Meter&amp;quot;,1.0],AUTHORITY[&amp;quot;EPSG&amp;quot;,3857]]&lt;/WKT&gt;&lt;XOrigin&gt;-20037700&lt;/XOrigin&gt;&lt;YOrigin&gt;-30241100&lt;/YOrigin&gt;&lt;XYScale&gt;148923141.92838538&lt;/XYScale&gt;&lt;ZOrigin&gt;-100000&lt;/ZOrigin&gt;&lt;ZScale&gt;10000&lt;/ZScale&gt;&lt;MOrigin&gt;-100000&lt;/MOrigin&gt;&lt;MScale&gt;10000&lt;/MScale&gt;&lt;XYTolerance&gt;0.001&lt;/XYTolerance&gt;&lt;ZTolerance&gt;0.001&lt;/ZTolerance&gt;&lt;MTolerance&gt;0.001&lt;/MTolerance&gt;&lt;HighPrecision&gt;true&lt;/HighPrecision&gt;&lt;WKID&gt;102100&lt;/WKID&gt;&lt;LatestWKID&gt;3857&lt;/LatestWKID&gt;&lt;/ProjectedCoordinateSystem&gt;</peXml></coordRef><lineage><Process ToolSource="c:\program files\arcgis\pro\Resources\ArcToolbox\toolboxes\Data Management Tools.tbx\CopyFeatures" Date="20220110" Time="040404">CopyFeatures USCounties_cases C:\Users\Hugh\Desktop\JAM_adm\USCounties_cases.shp # # # #</Process></lineage><LayerFile>{"type":"CIMLayerDocument","version":"2.6.0","build":24783,"layers":["CIMPATH=map1/uscounties_cases3.xml"],"layerDefinitions":[{"type":"CIMFeatureLayer","name":"USCounties_cases","uRI":"CIMPATH=map1/uscounties_cases3.xml","sourceModifiedTime":{"type":"TimeInstant"},"useSourceMetadata":true,"description":"USCounties_cases","layerElevation":{"type":"CIMLayerElevationSurface","mapElevationID":"{A7EA4866-5B01-41CD-AC51-15974A9D3740}"},"expanded":true,"layerType":"Operational","showLegends":true,"visibility":true,"displayCacheType":"Permanent","maxDisplayCacheAge":5,"popupInfo":{"type":"CIMPopupInfo","title":"USCounties_cases: {Countyname}","mediaInfos":[{"type":"CIMTableMediaInfo","refreshRateUnit":"esriTimeUnitsSeconds","rowSpan":1,"columnSpan":1,"fields":["Countyname","ST_Name","ST_Abbr","ST_ID","FIPS","FatalityRa","Confirmedb","DeathsbyPo","PCTPOVALL_","Unemployme","Med_HH_Inc","State_Fata","DateChecke","EM_type","EM_date","EM_notes","url","Thumbnail","Confirmed","Deaths","Age_85","Age_80_84","Age_75_79","Age_70_74","Age_65_69","Beds_Licen","Beds_Staff","Beds_ICU","Ventilator","POP_ESTIMA","POVALL_201","Unemployed","Median_Hou","Recovered","Active","State_Conf","State_Deat","State_Reco","State_Test","AgedPop","NewCases","NewDeaths","TotalPop","NonHispWhP","BlackPop","AmIndop","AsianPop","PacIslPop","OtherPop","TwoMorPop","HispPop","Wh_Alone","Bk_Alone","AI_Alone","As_Alone","NH_Alone","SO_Alone","Two_More","Not_Hisp","Age_Less15","Age_15_24","Age_25_34","Age_Over75","Agetotal","NonHisp","Age_35_64","Age_65_74","Day_1","Day_2","Day_3","Day_4","Day_5","Day_6","Day_7","Day_8","Day_9","Day_10","Day_11","Day_12","Day_13","Day_14","NewCasebyP","Inpat_Occ","ICU_Occ","Inpat_Cap","Inpat_COV","Inp_nonCOV","ICU_Cap","ICU_COV","ICU_nonCOV"]},{"type":"CIMAttachmentsMediaInfo","row":1,"refreshRateUnit":"esriTimeUnitsSeconds","rowSpan":1,"columnSpan":1,"displayType":"List"}],"gridLayout":{"type":"CIMPopupLayout","columnWidths":[100],"borderWidth":0,"borderColor":{"type":"CIMRGBColor","values":[0,0,0,100]}}},"showPopups":true,"serviceLayerID":-1,"refreshRate":-1,"refreshRateUnit":"esriTimeUnitsSeconds","autoGenerateFeatureTemplates":true,"featureElevationExpression":"0","featureTable":{"type":"CIMFeatureTable","displayField":"Countyname","editable":true,"dataConnection":{"type":"CIMStandardDataConnection","workspaceConnectionString":"DATABASE=..\\..\\..\\..\\Desktop\\JAM_adm","workspaceFactory":"Shapefile","dataset":"USCounties_cases","datasetType":"esriDTFeatureClass"},"studyAreaSpatialRel":"esriSpatialRelUndefined","searchOrder":"esriSearchOrderSpatial"},"htmlPopupEnabled":true,"selectable":true,"featureCacheType":"Session","displayFiltersType":"ByScale","labelClasses":[{"type":"CIMLabelClass","expression":"$feature.Countyname","expressionEngine":"Arcade","featuresToLabel":"AllVisibleFeatures","maplexLabelPlacementProperties":{"type":"CIMMaplexLabelPlacementProperties","featureType":"Polygon","avoidPolygonHoles":true,"canOverrunFeature":true,"canPlaceLabelOutsidePolygon":true,"canRemoveOverlappingLabel":true,"canStackLabel":true,"connectionType":"Unambiguous","constrainOffset":"NoConstraint","contourAlignmentType":"Page","contourLadderType":"Straight","contourMaximumAngle":90,"enableConnection":true,"featureWeight":0,"fontHeightReductionLimit":4,"fontHeightReductionStep":0.5,"fontWidthReductionLimit":90,"fontWidthReductionStep":5,"graticuleAlignmentType":"Straight","keyNumberGroupName":"Default","labelBuffer":15,"labelLargestPolygon":true,"labelPriority":-1,"labelStackingProperties":{"type":"CIMMaplexLabelStackingProperties","stackAlignment":"ChooseBest","maximumNumberOfLines":3,"minimumNumberOfCharsPerLine":3,"maximumNumberOfCharsPerLine":24,"separators":[{"type":"CIMMaplexStackingSeparator","separator":" ","splitAfter":true},{"type":"CIMMaplexStackingSeparator","separator":",","visible":true,"splitAfter":true}]},"lineFeatureType":"General","linePlacementMethod":"OffsetCurvedFromLine","maximumLabelOverrun":80,"maximumLabelOverrunUnit":"Point","minimumFeatureSizeUnit":"Map","multiPartOption":"OneLabelPerPart","offsetAlongLineProperties":{"type":"CIMMaplexOffsetAlongLineProperties","placementMethod":"BestPositionAlongLine","labelAnchorPoint":"CenterOfLabel","distanceUnit":"Percentage","useLineDirection":true},"pointExternalZonePriorities":{"type":"CIMMaplexExternalZonePriorities","aboveLeft":4,"aboveCenter":2,"aboveRight":1,"centerRight":3,"belowRight":5,"belowCenter":7,"belowLeft":8,"centerLeft":6},"pointPlacementMethod":"AroundPoint","polygonAnchorPointType":"GeometricCenter","polygonBoundaryWeight":0,"polygonExternalZones":{"type":"CIMMaplexExternalZonePriorities","aboveLeft":4,"aboveCenter":2,"aboveRight":1,"centerRight":3,"belowRight":5,"belowCenter":7,"belowLeft":8,"centerLeft":6},"polygonFeatureType":"General","polygonInternalZones":{"type":"CIMMaplexInternalZonePriorities","center":1},"polygonPlacementMethod":"HorizontalInPolygon","primaryOffset":1,"primaryOffsetUnit":"Point","removeExtraWhiteSpace":true,"repetitionIntervalUnit":"Point","rotationProperties":{"type":"CIMMaplexRotationProperties","rotationType":"Arithmetic","alignmentType":"Straight"},"secondaryOffset":100,"strategyPriorities":{"type":"CIMMaplexStrategyPriorities","stacking":1,"overrun":2,"fontCompression":3,"fontReduction":4,"abbreviation":5},"thinningDistanceUnit":"Point","truncationMarkerCharacter":".","truncationMinimumLength":1,"truncationPreferredCharacters":"aeiou","truncationExcludedCharacters":"0123456789"},"name":"Class 1","priority":-1,"standardLabelPlacementProperties":{"type":"CIMStandardLabelPlacementProperties","featureType":"Line","featureWeight":"Low","labelWeight":"High","numLabelsOption":"OneLabelPerName","lineLabelPosition":{"type":"CIMStandardLineLabelPosition","above":true,"inLine":true,"parallel":true},"lineLabelPriorities":{"type":"CIMStandardLineLabelPriorities","aboveStart":3,"aboveAlong":3,"aboveEnd":3,"centerStart":3,"centerAlong":3,"centerEnd":3,"belowStart":3,"belowAlong":3,"belowEnd":3},"pointPlacementMethod":"AroundPoint","pointPlacementPriorities":{"type":"CIMStandardPointPlacementPriorities","aboveLeft":2,"aboveCenter":2,"aboveRight":1,"centerLeft":3,"centerRight":2,"belowLeft":3,"belowCenter":3,"belowRight":2},"rotationType":"Arithmetic","polygonPlacementMethod":"AlwaysHorizontal"},"textSymbol":{"type":"CIMSymbolReference","symbol":{"type":"CIMTextSymbol","blockProgression":"TTB","depth3D":1,"extrapolateBaselines":true,"fontEffects":"Normal","fontEncoding":"Unicode","fontFamilyName":"Tahoma","fontStyleName":"Regular","fontType":"Unspecified","haloSize":1,"height":10,"hinting":"Default","horizontalAlignment":"Left","kerning":true,"letterWidth":100,"ligatures":true,"lineGapType":"ExtraLeading","symbol":{"type":"CIMPolygonSymbol","symbolLayers":[{"type":"CIMSolidFill","enable":true,"color":{"type":"CIMRGBColor","values":[0,0,0,100]}}]},"textCase":"Normal","textDirection":"LTR","verticalAlignment":"Bottom","verticalGlyphOrientation":"Right","wordSpacing":100,"billboardMode3D":"FaceNearPlane"}},"useCodedValue":true,"visibility":true,"iD":-1}],"renderer":{"type":"CIMSimpleRenderer","patch":"Default","symbol":{"type":"CIMSymbolReference","symbol":{"type":"CIMPolygonSymbol","symbolLayers":[{"type":"CIMSolidStroke","enable":true,"colorLocked":true,"capStyle":"Butt","joinStyle":"Round","lineStyle3D":"Strip","miterLimit":10,"width":0.40000000000000002,"color":{"type":"CIMRGBColor","values":[110,110,110,100]}},{"type":"CIMSolidFill","enable":true,"color":{"type":"CIMRGBColor","values":[243,250,200,100]}}]}}},"scaleSymbols":true,"snappable":true}]}</LayerFile></DataProperties><SyncDate>20220110</SyncDate><SyncTime>04035600</SyncTime><ModDate>20220110</ModDate><ModTime>04035600</ModTime></Esri><dataIdInfo><envirDesc Sync="TRUE">Microsoft Windows 10 Version 10.0 (Build 19043) ; Esri ArcGIS 12.6.3.24783</envirDesc><dataLang><languageCode value="eng" Sync="TRUE"></languageCode><countryCode value="USA" Sync="TRUE"></countryCode></dataLang><idCitation><resTitle Sync="TRUE">USCounties_cases</resTitle><presForm><PresFormCd value="005" Sync="TRUE"></PresFormCd></presForm></idCitation><spatRpType><SpatRepTypCd value="001" Sync="TRUE"></SpatRepTypCd></spatRpType></dataIdInfo><mdLang><languageCode value="eng" Sync="TRUE"></languageCode><countryCode value="USA" Sync="TRUE"></countryCode></mdLang><mdChar><CharSetCd value="004" Sync="TRUE"></CharSetCd></mdChar><distInfo><distFormat><formatName Sync="TRUE">Shapefile</formatName></distFormat><distTranOps><transSize Sync="TRUE">0.000</transSize></distTranOps></distInfo><mdHrLv><ScopeCd value="005" Sync="TRUE"></ScopeCd></mdHrLv><mdHrLvName Sync="TRUE">dataset</mdHrLvName><refSysInfo><RefSystem><refSysID><identCode code="3857" Sync="TRUE"></identCode><idCodeSpace Sync="TRUE">EPSG</idCodeSpace><idVersion Sync="TRUE">8.8(9.3.1.2)</idVersion></refSysID></RefSystem></refSysInfo><spatRepInfo><VectSpatRep><geometObjs Name="USCounties_cases"><geoObjTyp><GeoObjTypCd value="002" Sync="TRUE"></GeoObjTypCd></geoObjTyp><geoObjCnt Sync="TRUE">0</geoObjCnt></geometObjs><topLvl><TopoLevCd value="001" Sync="TRUE"></TopoLevCd></topLvl></VectSpatRep></spatRepInfo><spdoinfo><ptvctinf><esriterm Name="USCounties_cases"><efeatyp Sync="TRUE">Simple</efeatyp><efeageom code="4" Sync="TRUE"></efeageom><esritopo Sync="TRUE">FALSE</esritopo><efeacnt Sync="TRUE">0</efeacnt><spindex Sync="TRUE">FALSE</spindex><linrefer Sync="TRUE">FALSE</linrefer></esriterm></ptvctinf></spdoinfo><eainfo><detailed Name="USCounties_cases"><enttyp><enttypl Sync="TRUE">USCounties_cases</enttypl><enttypt Sync="TRUE">Feature Class</enttypt><enttypc Sync="TRUE">0</enttypc></enttyp><attr><attrlabl Sync="TRUE">FID</attrlabl><attalias Sync="TRUE">FID</attalias><attrtype Sync="TRUE">OID</attrtype><attwidth Sync="TRUE">4</attwidth><atprecis Sync="TRUE">0</atprecis><attscale Sync="TRUE">0</attscale><attrdef Sync="TRUE">Internal feature number.</attrdef><attrdefs Sync="TRUE">Esri</attrdefs><attrdomv><udom Sync="TRUE">Sequential unique whole numbers that are automatically generated.</udom></attrdomv></attr><attr><attrlabl Sync="TRUE">Shape</attrlabl><attalias Sync="TRUE">Shape</attalias><attrtype Sync="TRUE">Geometry</attrtype><attwidth Sync="TRUE">0</attwidth><atprecis Sync="TRUE">0</atprecis><attscale Sync="TRUE">0</attscale><attrdef Sync="TRUE">Feature geometry.</attrdef><attrdefs Sync="TRUE">Esri</attrdefs><attrdomv><udom Sync="TRUE">Coordinates defining the features.</udom></attrdomv></attr><attr><attrlabl Sync="TRUE">Countyname</attrlabl><attalias Sync="TRUE">Countyname</attalias><attrtype Sync="TRUE">String</attrtype><attwidth Sync="TRUE">80</attwidth><atprecis Sync="TRUE">0</atprecis><attscale Sync="TRUE">0</attscale></attr><attr><attrlabl Sync="TRUE">ST_Name</attrlabl><attalias Sync="TRUE">ST_Name</attalias><attrtype Sync="TRUE">String</attrtype><attwidth Sync="TRUE">80</attwidth><atprecis Sync="TRUE">0</atprecis><attscale Sync="TRUE">0</attscale></attr><attr><attrlabl Sync="TRUE">ST_Abbr</attrlabl><attalias Sync="TRUE">ST_Abbr</attalias><attrtype Sync="TRUE">String</attrtype><attwidth Sync="TRUE">80</attwidth><atprecis Sync="TRUE">0</atprecis><attscale Sync="TRUE">0</attscale></attr><attr><attrlabl Sync="TRUE">ST_ID</attrlabl><attalias Sync="TRUE">ST_ID</attalias><attrtype Sync="TRUE">String</attrtype><attwidth Sync="TRUE">80</attwidth><atprecis Sync="TRUE">0</atprecis><attscale Sync="TRUE">0</attscale></attr><attr><attrlabl Sync="TRUE">FIPS</attrlabl><attalias Sync="TRUE">FIPS</attalias><attrtype Sync="TRUE">String</attrtype><attwidth Sync="TRUE">80</attwidth><atprecis Sync="TRUE">0</atprecis><attscale Sync="TRUE">0</attscale></attr><attr><attrlabl Sync="TRUE">FatalityRa</attrlabl><attalias Sync="TRUE">FatalityRa</attalias><attrtype Sync="TRUE">Double</attrtype><attwidth Sync="TRUE">19</attwidth><atprecis Sync="TRUE">0</atprecis><attscale Sync="TRUE">0</attscale></attr><attr><attrlabl Sync="TRUE">Confirmedb</attrlabl><attalias Sync="TRUE">Confirmedb</attalias><attrtype Sync="TRUE">Double</attrtype><attwidth Sync="TRUE">19</attwidth><atprecis Sync="TRUE">0</atprecis><attscale Sync="TRUE">0</attscale></attr><attr><attrlabl Sync="TRUE">DeathsbyPo</attrlabl><attalias Sync="TRUE">DeathsbyPo</attalias><attrtype Sync="TRUE">Double</attrtype><attwidth Sync="TRUE">19</attwidth><atprecis Sync="TRUE">0</atprecis><attscale Sync="TRUE">0</attscale></attr><attr><attrlabl Sync="TRUE">PCTPOVALL_</attrlabl><attalias Sync="TRUE">PCTPOVALL_</attalias><attrtype Sync="TRUE">Double</attrtype><attwidth Sync="TRUE">19</attwidth><atprecis Sync="TRUE">0</atprecis><attscale Sync="TRUE">0</attscale></attr><attr><attrlabl Sync="TRUE">Unemployme</attrlabl><attalias Sync="TRUE">Unemployme</attalias><attrtype Sync="TRUE">Double</attrtype><attwidth Sync="TRUE">19</attwidth><atprecis Sync="TRUE">0</atprecis><attscale Sync="TRUE">0</attscale></attr><attr><attrlabl Sync="TRUE">Med_HH_Inc</attrlabl><attalias Sync="TRUE">Med_HH_Inc</attalias><attrtype Sync="TRUE">Double</attrtype><attwidth Sync="TRUE">19</attwidth><atprecis Sync="TRUE">0</atprecis><attscale Sync="TRUE">0</attscale></attr><attr><attrlabl Sync="TRUE">State_Fata</attrlabl><attalias Sync="TRUE">State_Fata</attalias><attrtype Sync="TRUE">Double</attrtype><attwidth Sync="TRUE">19</attwidth><atprecis Sync="TRUE">0</atprecis><attscale Sync="TRUE">0</attscale></attr><attr><attrlabl Sync="TRUE">DateChecke</attrlabl><attalias Sync="TRUE">DateChecke</attalias><attrtype Sync="TRUE">String</attrtype><attwidth Sync="TRUE">80</attwidth><atprecis Sync="TRUE">0</atprecis><attscale Sync="TRUE">0</attscale></attr><attr><attrlabl Sync="TRUE">EM_type</attrlabl><attalias Sync="TRUE">EM_type</attalias><attrtype Sync="TRUE">String</attrtype><attwidth Sync="TRUE">80</attwidth><atprecis Sync="TRUE">0</atprecis><attscale Sync="TRUE">0</attscale></attr><attr><attrlabl Sync="TRUE">EM_date</attrlabl><attalias Sync="TRUE">EM_date</attalias><attrtype Sync="TRUE">String</attrtype><attwidth Sync="TRUE">80</attwidth><atprecis Sync="TRUE">0</atprecis><attscale Sync="TRUE">0</attscale></attr><attr><attrlabl Sync="TRUE">EM_notes</attrlabl><attalias Sync="TRUE">EM_notes</attalias><attrtype Sync="TRUE">String</attrtype><attwidth Sync="TRUE">254</attwidth><atprecis Sync="TRUE">0</atprecis><attscale Sync="TRUE">0</attscale></attr><attr><attrlabl Sync="TRUE">url</attrlabl><attalias Sync="TRUE">url</attalias><attrtype Sync="TRUE">String</attrtype><attwidth Sync="TRUE">80</attwidth><atprecis Sync="TRUE">0</atprecis><attscale Sync="TRUE">0</attscale></attr><attr><attrlabl Sync="TRUE">Thumbnail</attrlabl><attalias Sync="TRUE">Thumbnail</attalias><attrtype Sync="TRUE">String</attrtype><attwidth Sync="TRUE">80</attwidth><atprecis Sync="TRUE">0</atprecis><attscale Sync="TRUE">0</attscale></attr><attr><attrlabl Sync="TRUE">Confirmed</attrlabl><attalias Sync="TRUE">Confirmed</attalias><attrtype Sync="TRUE">Integer</attrtype><attwidth Sync="TRUE">10</attwidth><atprecis Sync="TRUE">10</atprecis><attscale Sync="TRUE">0</attscale></attr><attr><attrlabl Sync="TRUE">Deaths</attrlabl><attalias Sync="TRUE">Deaths</attalias><attrtype Sync="TRUE">Integer</attrtype><attwidth Sync="TRUE">10</attwidth><atprecis Sync="TRUE">10</atprecis><attscale Sync="TRUE">0</attscale></attr><attr><attrlabl Sync="TRUE">Age_85</attrlabl><attalias Sync="TRUE">Age_85</attalias><attrtype Sync="TRUE">Integer</attrtype><attwidth Sync="TRUE">10</attwidth><atprecis Sync="TRUE">10</atprecis><attscale Sync="TRUE">0</attscale></attr><attr><attrlabl Sync="TRUE">Age_80_84</attrlabl><attalias Sync="TRUE">Age_80_84</attalias><attrtype Sync="TRUE">Integer</attrtype><attwidth Sync="TRUE">10</attwidth><atprecis Sync="TRUE">10</atprecis><attscale Sync="TRUE">0</attscale></attr><attr><attrlabl Sync="TRUE">Age_75_79</attrlabl><attalias Sync="TRUE">Age_75_79</attalias><attrtype Sync="TRUE">Integer</attrtype><attwidth Sync="TRUE">10</attwidth><atprecis Sync="TRUE">10</atprecis><attscale Sync="TRUE">0</attscale></attr><attr><attrlabl Sync="TRUE">Age_70_74</attrlabl><attalias Sync="TRUE">Age_70_74</attalias><attrtype Sync="TRUE">Integer</attrtype><attwidth Sync="TRUE">10</attwidth><atprecis Sync="TRUE">10</atprecis><attscale Sync="TRUE">0</attscale></attr><attr><attrlabl Sync="TRUE">Age_65_69</attrlabl><attalias Sync="TRUE">Age_65_69</attalias><attrtype Sync="TRUE">Integer</attrtype><attwidth Sync="TRUE">10</attwidth><atprecis Sync="TRUE">10</atprecis><attscale Sync="TRUE">0</attscale></attr><attr><attrlabl Sync="TRUE">Beds_Licen</attrlabl><attalias Sync="TRUE">Beds_Licen</attalias><attrtype Sync="TRUE">Integer</attrtype><attwidth Sync="TRUE">10</attwidth><atprecis Sync="TRUE">10</atprecis><attscale Sync="TRUE">0</attscale></attr><attr><attrlabl Sync="TRUE">Beds_Staff</attrlabl><attalias Sync="TRUE">Beds_Staff</attalias><attrtype Sync="TRUE">Integer</attrtype><attwidth Sync="TRUE">10</attwidth><atprecis Sync="TRUE">10</atprecis><attscale Sync="TRUE">0</attscale></attr><attr><attrlabl Sync="TRUE">Beds_ICU</attrlabl><attalias Sync="TRUE">Beds_ICU</attalias><attrtype Sync="TRUE">Integer</attrtype><attwidth Sync="TRUE">10</attwidth><atprecis Sync="TRUE">10</atprecis><attscale Sync="TRUE">0</attscale></attr><attr><attrlabl Sync="TRUE">Ventilator</attrlabl><attalias Sync="TRUE">Ventilator</attalias><attrtype Sync="TRUE">Integer</attrtype><attwidth Sync="TRUE">10</attwidth><atprecis Sync="TRUE">10</atprecis><attscale Sync="TRUE">0</attscale></attr><attr><attrlabl Sync="TRUE">POP_ESTIMA</attrlabl><attalias Sync="TRUE">POP_ESTIMA</attalias><attrtype Sync="TRUE">Integer</attrtype><attwidth Sync="TRUE">10</attwidth><atprecis Sync="TRUE">10</atprecis><attscale Sync="TRUE">0</attscale></attr><attr><attrlabl Sync="TRUE">POVALL_201</attrlabl><attalias Sync="TRUE">POVALL_201</attalias><attrtype Sync="TRUE">Integer</attrtype><attwidth Sync="TRUE">10</attwidth><atprecis Sync="TRUE">10</atprecis><attscale Sync="TRUE">0</attscale></attr><attr><attrlabl Sync="TRUE">Unemployed</attrlabl><attalias Sync="TRUE">Unemployed</attalias><attrtype Sync="TRUE">Integer</attrtype><attwidth Sync="TRUE">10</attwidth><atprecis Sync="TRUE">10</atprecis><attscale Sync="TRUE">0</attscale></attr><attr><attrlabl Sync="TRUE">Median_Hou</attrlabl><attalias Sync="TRUE">Median_Hou</attalias><attrtype Sync="TRUE">Integer</attrtype><attwidth Sync="TRUE">10</attwidth><atprecis Sync="TRUE">10</atprecis><attscale Sync="TRUE">0</attscale></attr><attr><attrlabl Sync="TRUE">Recovered</attrlabl><attalias Sync="TRUE">Recovered</attalias><attrtype Sync="TRUE">Integer</attrtype><attwidth Sync="TRUE">10</attwidth><atprecis Sync="TRUE">10</atprecis><attscale Sync="TRUE">0</attscale></attr><attr><attrlabl Sync="TRUE">Active</attrlabl><attalias Sync="TRUE">Active</attalias><attrtype Sync="TRUE">Integer</attrtype><attwidth Sync="TRUE">10</attwidth><atprecis Sync="TRUE">10</atprecis><attscale Sync="TRUE">0</attscale></attr><attr><attrlabl Sync="TRUE">State_Conf</attrlabl><attalias Sync="TRUE">State_Conf</attalias><attrtype Sync="TRUE">Integer</attrtype><attwidth Sync="TRUE">10</attwidth><atprecis Sync="TRUE">10</atprecis><attscale Sync="TRUE">0</attscale></attr><attr><attrlabl Sync="TRUE">State_Deat</attrlabl><attalias Sync="TRUE">State_Deat</attalias><attrtype Sync="TRUE">Integer</attrtype><attwidth Sync="TRUE">10</attwidth><atprecis Sync="TRUE">10</atprecis><attscale Sync="TRUE">0</attscale></attr><attr><attrlabl Sync="TRUE">State_Reco</attrlabl><attalias Sync="TRUE">State_Reco</attalias><attrtype Sync="TRUE">Integer</attrtype><attwidth Sync="TRUE">10</attwidth><atprecis Sync="TRUE">10</atprecis><attscale Sync="TRUE">0</attscale></attr><attr><attrlabl Sync="TRUE">State_Test</attrlabl><attalias Sync="TRUE">State_Test</attalias><attrtype Sync="TRUE">Integer</attrtype><attwidth Sync="TRUE">10</attwidth><atprecis Sync="TRUE">10</atprecis><attscale Sync="TRUE">0</attscale></attr><attr><attrlabl Sync="TRUE">AgedPop</attrlabl><attalias Sync="TRUE">AgedPop</attalias><attrtype Sync="TRUE">Integer</attrtype><attwidth Sync="TRUE">10</attwidth><atprecis Sync="TRUE">10</atprecis><attscale Sync="TRUE">0</attscale></attr><attr><attrlabl Sync="TRUE">NewCases</attrlabl><attalias Sync="TRUE">NewCases</attalias><attrtype Sync="TRUE">Integer</attrtype><attwidth Sync="TRUE">10</attwidth><atprecis Sync="TRUE">10</atprecis><attscale Sync="TRUE">0</attscale></attr><attr><attrlabl Sync="TRUE">NewDeaths</attrlabl><attalias Sync="TRUE">NewDeaths</attalias><attrtype Sync="TRUE">Integer</attrtype><attwidth Sync="TRUE">10</attwidth><atprecis Sync="TRUE">10</atprecis><attscale Sync="TRUE">0</attscale></attr><attr><attrlabl Sync="TRUE">TotalPop</attrlabl><attalias Sync="TRUE">TotalPop</attalias><attrtype Sync="TRUE">Integer</attrtype><attwidth Sync="TRUE">10</attwidth><atprecis Sync="TRUE">10</atprecis><attscale Sync="TRUE">0</attscale></attr><attr><attrlabl Sync="TRUE">NonHispWhP</attrlabl><attalias Sync="TRUE">NonHispWhP</attalias><attrtype Sync="TRUE">Integer</attrtype><attwidth Sync="TRUE">10</attwidth><atprecis Sync="TRUE">10</atprecis><attscale Sync="TRUE">0</attscale></attr><attr><attrlabl Sync="TRUE">BlackPop</attrlabl><attalias Sync="TRUE">BlackPop</attalias><attrtype Sync="TRUE">Integer</attrtype><attwidth Sync="TRUE">10</attwidth><atprecis Sync="TRUE">10</atprecis><attscale Sync="TRUE">0</attscale></attr><attr><attrlabl Sync="TRUE">AmIndop</attrlabl><attalias Sync="TRUE">AmIndop</attalias><attrtype Sync="TRUE">Integer</attrtype><attwidth Sync="TRUE">10</attwidth><atprecis Sync="TRUE">10</atprecis><attscale Sync="TRUE">0</attscale></attr><attr><attrlabl Sync="TRUE">AsianPop</attrlabl><attalias Sync="TRUE">AsianPop</attalias><attrtype Sync="TRUE">Integer</attrtype><attwidth Sync="TRUE">10</attwidth><atprecis Sync="TRUE">10</atprecis><attscale Sync="TRUE">0</attscale></attr><attr><attrlabl Sync="TRUE">PacIslPop</attrlabl><attalias Sync="TRUE">PacIslPop</attalias><attrtype Sync="TRUE">Integer</attrtype><attwidth Sync="TRUE">10</attwidth><atprecis Sync="TRUE">10</atprecis><attscale Sync="TRUE">0</attscale></attr><attr><attrlabl Sync="TRUE">OtherPop</attrlabl><attalias Sync="TRUE">OtherPop</attalias><attrtype Sync="TRUE">Integer</attrtype><attwidth Sync="TRUE">10</attwidth><atprecis Sync="TRUE">10</atprecis><attscale Sync="TRUE">0</attscale></attr><attr><attrlabl Sync="TRUE">TwoMorPop</attrlabl><attalias Sync="TRUE">TwoMorPop</attalias><attrtype Sync="TRUE">Integer</attrtype><attwidth Sync="TRUE">10</attwidth><atprecis Sync="TRUE">10</atprecis><attscale Sync="TRUE">0</attscale></attr><attr><attrlabl Sync="TRUE">HispPop</attrlabl><attalias Sync="TRUE">HispPop</attalias><attrtype Sync="TRUE">Integer</attrtype><attwidth Sync="TRUE">10</attwidth><atprecis Sync="TRUE">10</atprecis><attscale Sync="TRUE">0</attscale></attr><attr><attrlabl Sync="TRUE">Wh_Alone</attrlabl><attalias Sync="TRUE">Wh_Alone</attalias><attrtype Sync="TRUE">Integer</attrtype><attwidth Sync="TRUE">10</attwidth><atprecis Sync="TRUE">10</atprecis><attscale Sync="TRUE">0</attscale></attr><attr><attrlabl Sync="TRUE">Bk_Alone</attrlabl><attalias Sync="TRUE">Bk_Alone</attalias><attrtype Sync="TRUE">Integer</attrtype><attwidth Sync="TRUE">10</attwidth><atprecis Sync="TRUE">10</atprecis><attscale Sync="TRUE">0</attscale></attr><attr><attrlabl Sync="TRUE">AI_Alone</attrlabl><attalias Sync="TRUE">AI_Alone</attalias><attrtype Sync="TRUE">Integer</attrtype><attwidth Sync="TRUE">10</attwidth><atprecis Sync="TRUE">10</atprecis><attscale Sync="TRUE">0</attscale></attr><attr><attrlabl Sync="TRUE">As_Alone</attrlabl><attalias Sync="TRUE">As_Alone</attalias><attrtype Sync="TRUE">Integer</attrtype><attwidth Sync="TRUE">10</attwidth><atprecis Sync="TRUE">10</atprecis><attscale Sync="TRUE">0</attscale></attr><attr><attrlabl Sync="TRUE">NH_Alone</attrlabl><attalias Sync="TRUE">NH_Alone</attalias><attrtype Sync="TRUE">Integer</attrtype><attwidth Sync="TRUE">10</attwidth><atprecis Sync="TRUE">10</atprecis><attscale Sync="TRUE">0</attscale></attr><attr><attrlabl Sync="TRUE">SO_Alone</attrlabl><attalias Sync="TRUE">SO_Alone</attalias><attrtype Sync="TRUE">Integer</attrtype><attwidth Sync="TRUE">10</attwidth><atprecis Sync="TRUE">10</atprecis><attscale Sync="TRUE">0</attscale></attr><attr><attrlabl Sync="TRUE">Two_More</attrlabl><attalias Sync="TRUE">Two_More</attalias><attrtype Sync="TRUE">Integer</attrtype><attwidth Sync="TRUE">10</attwidth><atprecis Sync="TRUE">10</atprecis><attscale Sync="TRUE">0</attscale></attr><attr><attrlabl Sync="TRUE">Not_Hisp</attrlabl><attalias Sync="TRUE">Not_Hisp</attalias><attrtype Sync="TRUE">Integer</attrtype><attwidth Sync="TRUE">10</attwidth><atprecis Sync="TRUE">10</atprecis><attscale Sync="TRUE">0</attscale></attr><attr><attrlabl Sync="TRUE">Age_Less15</attrlabl><attalias Sync="TRUE">Age_Less15</attalias><attrtype Sync="TRUE">Integer</attrtype><attwidth Sync="TRUE">10</attwidth><atprecis Sync="TRUE">10</atprecis><attscale Sync="TRUE">0</attscale></attr><attr><attrlabl Sync="TRUE">Age_15_24</attrlabl><attalias Sync="TRUE">Age_15_24</attalias><attrtype Sync="TRUE">Integer</attrtype><attwidth Sync="TRUE">10</attwidth><atprecis Sync="TRUE">10</atprecis><attscale Sync="TRUE">0</attscale></attr><attr><attrlabl Sync="TRUE">Age_25_34</attrlabl><attalias Sync="TRUE">Age_25_34</attalias><attrtype Sync="TRUE">Integer</attrtype><attwidth Sync="TRUE">10</attwidth><atprecis Sync="TRUE">10</atprecis><attscale Sync="TRUE">0</attscale></attr><attr><attrlabl Sync="TRUE">Age_Over75</attrlabl><attalias Sync="TRUE">Age_Over75</attalias><attrtype Sync="TRUE">Integer</attrtype><attwidth Sync="TRUE">10</attwidth><atprecis Sync="TRUE">10</atprecis><attscale Sync="TRUE">0</attscale></attr><attr><attrlabl Sync="TRUE">Agetotal</attrlabl><attalias Sync="TRUE">Agetotal</attalias><attrtype Sync="TRUE">Integer</attrtype><attwidth Sync="TRUE">10</attwidth><atprecis Sync="TRUE">10</atprecis><attscale Sync="TRUE">0</attscale></attr><attr><attrlabl Sync="TRUE">NonHisp</attrlabl><attalias Sync="TRUE">NonHisp</attalias><attrtype Sync="TRUE">Integer</attrtype><attwidth Sync="TRUE">10</attwidth><atprecis Sync="TRUE">10</atprecis><attscale Sync="TRUE">0</attscale></attr><attr><attrlabl Sync="TRUE">Age_35_64</attrlabl><attalias Sync="TRUE">Age_35_64</attalias><attrtype Sync="TRUE">Integer</attrtype><attwidth Sync="TRUE">10</attwidth><atprecis Sync="TRUE">10</atprecis><attscale Sync="TRUE">0</attscale></attr><attr><attrlabl Sync="TRUE">Age_65_74</attrlabl><attalias Sync="TRUE">Age_65_74</attalias><attrtype Sync="TRUE">Integer</attrtype><attwidth Sync="TRUE">10</attwidth><atprecis Sync="TRUE">10</atprecis><attscale Sync="TRUE">0</attscale></attr><attr><attrlabl Sync="TRUE">Day_1</attrlabl><attalias Sync="TRUE">Day_1</attalias><attrtype Sync="TRUE">Integer</attrtype><attwidth Sync="TRUE">10</attwidth><atprecis Sync="TRUE">10</atprecis><attscale Sync="TRUE">0</attscale></attr><attr><attrlabl Sync="TRUE">Day_2</attrlabl><attalias Sync="TRUE">Day_2</attalias><attrtype Sync="TRUE">Integer</attrtype><attwidth Sync="TRUE">10</attwidth><atprecis Sync="TRUE">10</atprecis><attscale Sync="TRUE">0</attscale></attr><attr><attrlabl Sync="TRUE">Day_3</attrlabl><attalias Sync="TRUE">Day_3</attalias><attrtype Sync="TRUE">Integer</attrtype><attwidth Sync="TRUE">10</attwidth><atprecis Sync="TRUE">10</atprecis><attscale Sync="TRUE">0</attscale></attr><attr><attrlabl Sync="TRUE">Day_4</attrlabl><attalias Sync="TRUE">Day_4</attalias><attrtype Sync="TRUE">Integer</attrtype><attwidth Sync="TRUE">10</attwidth><atprecis Sync="TRUE">10</atprecis><attscale Sync="TRUE">0</attscale></attr><attr><attrlabl Sync="TRUE">Day_5</attrlabl><attalias Sync="TRUE">Day_5</attalias><attrtype Sync="TRUE">Integer</attrtype><attwidth Sync="TRUE">10</attwidth><atprecis Sync="TRUE">10</atprecis><attscale Sync="TRUE">0</attscale></attr><attr><attrlabl Sync="TRUE">Day_6</attrlabl><attalias Sync="TRUE">Day_6</attalias><attrtype Sync="TRUE">Integer</attrtype><attwidth Sync="TRUE">10</attwidth><atprecis Sync="TRUE">10</atprecis><attscale Sync="TRUE">0</attscale></attr><attr><attrlabl Sync="TRUE">Day_7</attrlabl><attalias Sync="TRUE">Day_7</attalias><attrtype Sync="TRUE">Integer</attrtype><attwidth Sync="TRUE">10</attwidth><atprecis Sync="TRUE">10</atprecis><attscale Sync="TRUE">0</attscale></attr><attr><attrlabl Sync="TRUE">Day_8</attrlabl><attalias Sync="TRUE">Day_8</attalias><attrtype Sync="TRUE">Integer</attrtype><attwidth Sync="TRUE">10</attwidth><atprecis Sync="TRUE">10</atprecis><attscale Sync="TRUE">0</attscale></attr><attr><attrlabl Sync="TRUE">Day_9</attrlabl><attalias Sync="TRUE">Day_9</attalias><attrtype Sync="TRUE">Integer</attrtype><attwidth Sync="TRUE">10</attwidth><atprecis Sync="TRUE">10</atprecis><attscale Sync="TRUE">0</attscale></attr><attr><attrlabl Sync="TRUE">Day_10</attrlabl><attalias Sync="TRUE">Day_10</attalias><attrtype Sync="TRUE">Integer</attrtype><attwidth Sync="TRUE">10</attwidth><atprecis Sync="TRUE">10</atprecis><attscale Sync="TRUE">0</attscale></attr><attr><attrlabl Sync="TRUE">Day_11</attrlabl><attalias Sync="TRUE">Day_11</attalias><attrtype Sync="TRUE">Integer</attrtype><attwidth Sync="TRUE">10</attwidth><atprecis Sync="TRUE">10</atprecis><attscale Sync="TRUE">0</attscale></attr><attr><attrlabl Sync="TRUE">Day_12</attrlabl><attalias Sync="TRUE">Day_12</attalias><attrtype Sync="TRUE">Integer</attrtype><attwidth Sync="TRUE">10</attwidth><atprecis Sync="TRUE">10</atprecis><attscale Sync="TRUE">0</attscale></attr><attr><attrlabl Sync="TRUE">Day_13</attrlabl><attalias Sync="TRUE">Day_13</attalias><attrtype Sync="TRUE">Integer</attrtype><attwidth Sync="TRUE">10</attwidth><atprecis Sync="TRUE">10</atprecis><attscale Sync="TRUE">0</attscale></attr><attr><attrlabl Sync="TRUE">Day_14</attrlabl><attalias Sync="TRUE">Day_14</attalias><attrtype Sync="TRUE">Integer</attrtype><attwidth Sync="TRUE">10</attwidth><atprecis Sync="TRUE">10</atprecis><attscale Sync="TRUE">0</attscale></attr><attr><attrlabl Sync="TRUE">NewCasebyP</attrlabl><attalias Sync="TRUE">NewCasebyP</attalias><attrtype Sync="TRUE">Double</attrtype><attwidth Sync="TRUE">19</attwidth><atprecis Sync="TRUE">0</atprecis><attscale Sync="TRUE">0</attscale></attr><attr><attrlabl Sync="TRUE">Inpat_Occ</attrlabl><attalias Sync="TRUE">Inpat_Occ</attalias><attrtype Sync="TRUE">Double</attrtype><attwidth Sync="TRUE">19</attwidth><atprecis Sync="TRUE">0</atprecis><attscale Sync="TRUE">0</attscale></attr><attr><attrlabl Sync="TRUE">ICU_Occ</attrlabl><attalias Sync="TRUE">ICU_Occ</attalias><attrtype Sync="TRUE">Double</attrtype><attwidth Sync="TRUE">19</attwidth><atprecis Sync="TRUE">0</atprecis><attscale Sync="TRUE">0</attscale></attr><attr><attrlabl Sync="TRUE">Inpat_Cap</attrlabl><attalias Sync="TRUE">Inpat_Cap</attalias><attrtype Sync="TRUE">Double</attrtype><attwidth Sync="TRUE">19</attwidth><atprecis Sync="TRUE">0</atprecis><attscale Sync="TRUE">0</attscale></attr><attr><attrlabl Sync="TRUE">Inpat_COV</attrlabl><attalias Sync="TRUE">Inpat_COV</attalias><attrtype Sync="TRUE">Double</attrtype><attwidth Sync="TRUE">19</attwidth><atprecis Sync="TRUE">0</atprecis><attscale Sync="TRUE">0</attscale></attr><attr><attrlabl Sync="TRUE">Inp_nonCOV</attrlabl><attalias Sync="TRUE">Inp_nonCOV</attalias><attrtype Sync="TRUE">Double</attrtype><attwidth Sync="TRUE">19</attwidth><atprecis Sync="TRUE">0</atprecis><attscale Sync="TRUE">0</attscale></attr><attr><attrlabl Sync="TRUE">ICU_Cap</attrlabl><attalias Sync="TRUE">ICU_Cap</attalias><attrtype Sync="TRUE">Double</attrtype><attwidth Sync="TRUE">19</attwidth><atprecis Sync="TRUE">0</atprecis><attscale Sync="TRUE">0</attscale></attr><attr><attrlabl Sync="TRUE">ICU_COV</attrlabl><attalias Sync="TRUE">ICU_COV</attalias><attrtype Sync="TRUE">Double</attrtype><attwidth Sync="TRUE">19</attwidth><atprecis Sync="TRUE">0</atprecis><attscale Sync="TRUE">0</attscale></attr><attr><attrlabl Sync="TRUE">ICU_nonCOV</attrlabl><attalias Sync="TRUE">ICU_nonCOV</attalias><attrtype Sync="TRUE">Double</attrtype><attwidth Sync="TRUE">19</attwidth><atprecis Sync="TRUE">0</atprecis><attscale Sync="TRUE">0</attscale></attr></detailed></eainfo><mdDateSt Sync="TRUE">20220110</mdDateSt></metadata>
